idx,name,smiles,model_score,mw,docking_score,status
2616,L6020,COc1cccc2oc3c(O)cccc3c(=O)c12,0.28671452,242.2,-6.418,ok
10641,L6020,COc1cc(C=O)cc(OC)c1OC,0.23342046,196.2,-4.543,ok
1354,L6020,C=CC(C)(O)C/C=C/C(C)(C)O,0.39071977,170.3,-5.007,ok
7340,D7800,Cc1ccc(-n2ncc3c(NC(C)c4ccccc4)ncnc32)cc1,0.6717986,329.4,-7.59,ok
1776,D7800,Cc1cccc(OCC(=O)NCc2cc(C)nc3ccccc23)c1,0.4156383,320.4,-7.119,ok
2134,D7800,Cc1cccc(C(=O)Oc2c(Sc3ccccc3)c(C)nn2C(C)(C)C)c1,0.42296562,380.5,-7.131,ok
7370,L6020,COC(=O)c1ccc(-c2ccc(C(=O)OC)cn2)nc1,0.37928593,272.3,-5.792,ok
4394,D7800,COc1ccc(C(CNC(=O)COc2ccc([N+](=O)[O-])cc2)N2CCCCC2)cc1,0.40557328,413.5,-7.35,ok
4368,L6020,c1ccc2c(c1)C[C@H]1NCCc3cc4c(c-2c31)OCO4,0.45496267,265.3,-7.387,ok
5628,L6020,C=C1C(=O)O[C@H]2[C@H]1CCC(C)=C1CC[C@@](C)(O)[C@@H]12,0.50396097,248.3,-4.89,ok
3981,L6020,COC(=O)c1c(O)c2ccccc2c2occc12,0.27344966,242.2,-6.687,ok
12087,L6020,CC1(C)CCC[C@@]2(C)[C@H]1[C@H](O)C=C(CO)[C@]2(O)CO,0.36793205,270.4,-5.367,ok
7534,D7800,CCCCNC(=O)c1ccc(N2CCOCC2)c(NS(=O)(=O)c2ccc(OC)cc2)c1,0.44744277,447.6,-6.511,ok
4236,L6020,CC1(C)O[C@H]2CC(=O)OC[C@]23[C@H]1CC(=O)[C@]1(C)[C@@H]3CC[C@@]2(C)[C@H](c3ccoc3)OC(=O)[C@H]3O[C@@]321,0.2731161,470.5,-8.454,ok
13876,L6020,C=C(Oc1cccc(C(=O)O)c1)C(=O)OC,0.27739784,222.2,-5.356,ok
1348,D7800,Cn1c(=O)c2c(nc(NCc3cccnc3)n2Cc2ccc(Cl)cc2)n(C)c1=O,0.62387806,410.9,-6.689,ok
13630,L6020,CC1=C(CO)C(=O)OC([C@@H](C)C2CC[C@H]3C4C[C@H]5O[C@]56[C@@H](O)C=CC(=O)[C@]6(C)C4CC[C@]23C)C1,0.5261755,470.6,-8.807,ok
18496,L6020,COc1cc(-c2oc3c(OC)c(OC)cc(OC)c3c(=O)c2OC)cc(OC)c1OC,0.2465003,432.4,-5.97,ok
15969,L6020,CC(CCOC(=O)CCC(=O)O)CCC1(C)C(C)CCC2(C)C1CC(O)C(O)C2(C)O,0.41496125,442.6,-6.822,ok
5516,D7800,COc1ccc(Br)cc1CNC(=O)CN1C(=O)c2cccnc2Oc2ccc(C)cc21,0.44127828,482.3,-8.0,ok
6488,L6020,CC(=O)Oc1ccc(-c2coc3cc(OC(C)=O)ccc3c2=O)cc1,0.2995938,338.3,-6.818,ok
16350,L6020,C=CC(C)(C)c1[nH]c2ccccc2c1C[C@@H]1NC(=O)[C@H](C)NC1=O,0.48059782,325.4,-6.928,ok
7151,L6020,CC(C)(C)OC(=O)N[C@@H](Cc1c[nH]c2ncccc12)C(=O)O,0.38667226,305.3,-6.05,ok
3393,L6020,COc1cc([C@H]2Oc3ccc4ccc(=O)oc4c3O[C@@H]2CO)ccc1O,0.2234594,356.3,-6.926,ok
11500,L6020,CCC(/C=C/C(C)C1CC[C@H]2C3=CC[C@H]4CC(O)CC[C@]4(C)C3CC[C@]12C)C(C)C,0.49020034,412.7,-7.123,ok
3543,L6020,C=C1CCC[C@]2(C)C[C@]3(OC)OC(=O)C(C)=C3C[C@@H]12,0.50014275,262.3,-6.457,ok
4336,D7800,COc1ccc(CCNC(=O)CCc2c(C)c3cc4c(C)coc4cc3oc2=O)cc1,0.3674391,419.5,-7.493,ok
3161,L6020,C=C1COC(=O)[C@]12C[C@]1(C)[C@@H](C)CC[C@H](OC(=O)/C(C)=C\C)[C@@H]1[C@H]2OC(C)=O,0.33346283,390.5,-6.923,ok
5197,D7800,O=C(C(=O)N1CCc2ccccc2C1)c1cn(CC(=O)N2CCCC2)c2ccccc12,0.42387176,415.5,-7.742,ok
10681,L6020,COc1ccccc1NC(=O)CC(C)=O,0.33868462,207.2,-5.219,ok
14128,L6020,COC(=O)CCC(=O)OC[C@]1(C)CCC[C@@]2(C)C3CC[C@]4(C)C=CC3(CCC21)C4,0.39707184,402.6,-7.312,ok
13725,L6020,Cc1cc(C(O)C(O)CO)c(Cc2ccc(NC3CC(=O)OC3/C=C/C(C)O)cc2)o1,0.5004337,431.5,-6.787,ok
2106,D7800,CSc1cccc(NC(=S)N(Cc2ccccc2)Cc2ccccn2)c1,0.45676136,379.6,-6.639,ok
3825,D7800,Cc1cc(C)c(NC(=O)CSc2nc3ccncc3[nH]2)c(C)c1,0.5644569,326.4,-7.255,ok
2066,L6020,COc1cc(O)c2c(=O)cc(-c3ccccc3O)oc2c1OC,0.2843596,314.3,-6.406,ok
1621,D7800,O=C(CSc1nnc[nH]1)NCCOc1ccccc1,0.40774894,278.3,-6.109,ok
8102,L6020,CCc1ccc(C[C@H](N)C(=O)O)cc1,0.27062744,193.2,-5.491,ok
5061,D7800,Cc1cccn2c(=O)c3cc(C(=O)NCCC4=CCCCC4)n(C)c3nc12,0.5537333,364.4,-7.217,ok
9484,L6020,C=C/C=C\CC1=C(C)[C@@H](OC(=O)[C@@H]2[C@@H](/C=C(\C)C(=O)OC)C2(C)C)CC1=O,0.3624031,372.5,-6.824,ok
574,D7800,CCOc1ccc(-n2nc3ccc(NC(=O)COc4ccc(OC)cc4)cc3n2)cc1,0.43596125,418.5,-7.536,ok
8626,L6020,O=C[C@@H](O)C(O)(CO)CO,0.39853364,150.1,-3.922,ok
14157,L6020,C=C1C(=O)O[C@@H]2/C=C(\CO)CC/C=C(/C=O)C[C@H](O)[C@@H]12,0.4372608,278.3,-4.599,ok
7927,L6020,CCOC(=O)CC(=O)OC(C)(C)C,0.4690691,188.2,-4.526,ok
11434,L6020,CC1=CC[C@@H]2C(C)(C)C(=O)C[C@@]2(C)[C@H]1COc1ccc2ccc(=O)oc2c1,0.28759763,366.5,-7.265,ok
4123,D7800,Cc1ccc(-c2noc(CSc3nnc(-c4ccc(Cl)cc4)n3C)n2)cc1,0.5159843,397.9,-7.844,ok
3728,D7800,Cc1sc(-n2cccc2)c(C(C)NC(=O)Nc2ccccc2Cl)c1C,0.62929404,373.9,-6.501,ok
6390,D7800,CCOc1ccc(OCC)c(NS(=O)(=O)c2c(C(=O)N3CCC(C)CC3)c(C)n(C)c2C)c1,0.50877506,477.6,-6.335,ok
569,D7800,CCCCCCC(O)(CCN1CCCCC1)c1ccccc1,0.39126563,303.5,-5.894,ok
10529,L6020,Nc1cc2c(cn1)[nH]c1ccccc12,0.47218513,183.2,-5.89,ok
8533,L6020,CC1COC(c2ccc3c(c2)OCO3)O1,0.47642222,208.2,-5.676,ok
4490,D7800,COc1ccc(-c2noc(CN(C)S(=O)(=O)c3ccccc3)n2)cc1OC,0.29320875,389.4,-6.981,ok
8725,L6020,CC(C)(O)CC[C@@H](O)[C@](C)(O)[C@H]1CC[C@]2(O)C3=CC(=O)[C@H]4C[C@H](O)[C@H](O)C[C@]4(C)[C@H]3CC[C@]12C,0.3438307,480.6,-7.195,ok
955,D7800,Nc1nnc(SCc2ccccc2Cl)s1,0.48843604,257.8,-5.527,ok
3540,D7800,Cc1cc(C)c(NC(=O)C2CCCN(S(=O)(=O)c3c(C)noc3/C=C/N(C)C)C2)c(C)c1,0.49469844,460.6,-6.78,ok
4286,D7800,O=C(c1cccs1)n1nc(-c2cccnc2)nc1NCc1ccco1,0.5787853,351.4,-6.568,ok
6538,D7800,CC1CCCN(S(=O)(=O)c2cc(C(=O)NCCc3ccccc3)n(C)c2)C1,0.411999,389.5,-6.425,ok
2125,L6020,CC(C)=CCc1cc(-c2oc3cc(O)cc(O)c3c(=O)c2O)ccc1O,0.42434797,354.4,-7.68,ok
1716,D7800,CCOC(=O)CC(NS(=O)(=O)Cc1ccccc1)c1ccc(C)cc1,0.36951277,361.5,-6.591,ok
9125,L6020,C=C(C)/C=C/C/C(C)=C/COc1c2ccoc2cc2oc(=O)ccc12,0.33420438,336.4,-7.353,ok
14178,L6020,COc1cc(CCc2ccc3c(c2)OCO3)oc(=O)c1,0.3340513,274.3,-6.836,ok
3348,D7800,Cc1ccc2oc(=O)c3cnn(CC(=O)N4CCCCCC4)c3c2c1,0.51134175,339.4,-4.98,ok
7746,D7800,O=C(CN1CCN(S(=O)(=O)c2ccc(Br)cc2)CC1)Nc1ccc(F)cc1F,0.4954576,474.3,-7.16,ok
6490,L6020,CC(=O)OCC(=O)[C@@]12OC(C)(C)O[C@H]1C[C@H]1[C@@H]3CCC4=CC(=O)C=C[C@]4(C)[C@@]3(F)[C@@H](O)C[C@@]12C,0.29973346,476.5,-7.645,ok
1674,D7800,CCOC(=O)C(Cc1ccccc1)NC(=O)Cn1nnc(-c2ccccc2)n1,0.38262227,379.4,-7.031,ok
4724,D7800,COc1ccc(OCC(=O)N2CCN(CCc3ccncc3)CC2)cc1,0.46561646,355.4,-6.467,ok
2546,L6020,COc1cc(O)c2c(=O)cc(Oc3ccc(O)cc3)oc2c1C[C@@H](O)C(C)(C)O,0.3164618,402.4,-7.365,ok
9405,L6020,CC(C)=CCC/C(C)=C/Cc1c(O)ccc2c(=O)c(-c3ccc(O)cc3)coc12,0.37663496,390.5,-7.862,ok
7433,D7800,CC1=CC(C)(C)NC(=S)N1c1ccccc1C,0.53163,246.4,-6.037,ok
5152,L6020,Cc1ccc([C@]2(C)CCCC2(C)C)cc1,0.32846135,202.3,-5.782,ok
11348,L6020,C/C=C1\CN2CC[C@]34c5ccccc5N[C@H]3[C@@H](CO)[C@H]1C[C@H]24,0.2805292,296.4,-6.556,ok
4524,L6020,COc1cc(O)cc2c1C(=O)C[C@@H](c1ccccc1)O2,0.25886196,270.3,-6.574,ok
5775,D7800,COc1ccc(N2C(=O)CSC23C(=O)N(CC(N)=O)c2ccccc23)cc1,0.37942478,383.4,-6.795,ok
10311,L6020,Nc1ncnc2c1ncn2[C@@H]1O[C@H](CO)[C@@H](O)[C@@H]1O,0.5181948,267.2,-5.166,ok
1754,D7800,COc1ccc(NC(=O)CC2S/C(=N/c3ccccc3)NC2=O)c(OC)c1,0.304977,385.4,-6.747,ok
6572,D7800,Cc1ccc(CNC(=O)CN2C(=O)C3CCCCN3c3ccc(C(=O)N(C)C)cc32)cc1,0.54922974,434.5,-7.536,ok
13317,L6020,COc1cc(-c2ccc(O)cc2)c(OC)c(O)c1C1=CC(=O)OC1CC(=O)O,0.34527642,386.4,-6.422,ok
12902,L6020,CC(=O)c1c(O)cc(O)c(C(C)=O)c1O,0.30416363,210.2,-5.341,ok
3603,L6020,CCOC(=S)NCc1ccc(O[C@@H]2O[C@@H](C)[C@H](O)[C@@H](O)[C@H]2O)cc1,0.4421683,357.4,-6.072,ok
11351,L6020,C=C(C)[C@@H]1CC[C@]2(CO)CC[C@]3(C)[C@H](CCC4[C@@]5(C)CC[C@@H](O)C(C)(C)C5CC[C@]43C)C12,0.40316445,442.7,-6.634,ok
2059,D7800,CCc1ccccc1NC(=O)c1cn(C)c(=O)c2ccccc12,0.54609466,306.4,-7.273,ok
2621,D7800,CSc1ccc(-c2nc3cc(C)ccn3c2Nc2ccc(C)cc2)cc1,0.532305,359.5,-6.415,ok
3882,L6020,COc1cc(O)c2c(c1)CCc1cc(Oc3c(OC)cc(O)c4c3CCc3cc(O)ccc3-4)ccc1-2,0.4801937,482.5,-8.651,ok
18343,L6020,CC(C)(O)[C@@H]1CC[C@](C)([C@H]2[C@@H](O)C[C@@]3(C)C4C[C@H](O)C5C(C)(C)[C@@H](O)CC[C@]5(C)C4=CC[C@]23C)O1,0.35987797,490.7,-8.369,ok
6518,L6020,CC(C)c1ccc(C(C)C)cc1,0.40150657,162.3,-5.984,ok
5786,D7800,COc1cccc(NC(=O)Nc2ccc3nc(N4CCN(C)CC4)cc(C)c3c2)c1,0.65256536,405.5,-7.351,ok
468,D7800,Cn1c(=O)c2c(ncn2Cc2cccc(Cl)c2)n(C)c1=O,0.41664833,304.7,-6.352,ok
10895,L6020,COC1=CC=C2C3Cc4ccc(OC)c5c4C2(CCN3C)C1(CO)O5,0.5964776,341.4,-6.955,ok
5195,L6020,CC(C)[C@@H](C)/C=C/[C@@H](C)[C@H]1CCC2=C3C=CC4=CC(=O)CC[C@]4(C)[C@H]3CC[C@@]21C,0.45169243,392.6,-8.003,ok
12505,L6020,COc1cc(O)c2c(O)c3c(cc2c1O)C[C@@H](C)OC3=O,0.29971582,290.3,-6.708,ok
1803,L6020,CSCO[C@H]1C[C@@H](CC=C(C)C)C(=O)c2ccccc21,0.3613769,290.4,-5.861,ok
6474,L6020,O=S(=O)(c1ccc(O)cc1)c1ccc(O)cc1,0.3329813,250.3,-6.274,ok
8797,L6020,O=c1cccc2n1C[C@H]1C[C@@H]2CN2CC[C@@H](O)C[C@H]12,0.30666584,260.3,-6.442,ok
18408,L6020,CC(=O)O[C@H]1CCC2[C@@](O)(CC[C@H]3[C@]4(C)CC[C@H]([C@H](C)CCC=C(C)C)[C@@]4(C)CC[C@@]23C)C1(C)C,0.35081953,486.8,-6.43,ok
6228,D7800,COc1ccc(CNC(=O)CCc2c(C)nn(-c3ccc(N4CCOCC4)nn3)c2C)c(OC)c1,0.6769041,480.6,-7.503,ok
480,D7800,Cc1ccc2c(c1C)OC(=O)CC2c1ccccc1,0.3619669,252.3,-7.236,ok
915,D7800,CC(C)Cc1nnc(NC(=O)CSc2nc(=O)cc(N)n2-c2ccccc2)s1,0.47392088,416.5,-6.79,ok
4899,L6020,CC(C)=CCCC(C)(O)C1CCC2(C)C1C(O)CC1C3(C)CCC(O)C(C)(C)C3CCC12C,0.49823937,460.7,-6.785,ok
3708,L6020,O=C1/C=C/CCc2ccc(O)c(c2)-c2cc(ccc2O)CC1,0.43520084,294.4,-5.073,ok
11832,L6020,COc1cc2c(cc1OC)-c1c3c(c(OC)c4c1C(C2)N(C)CC4)OCO3.Cl,0.4919753,405.9,,no_pdbqt
7499,D7800,CCOc1ccc(-c2cc(C(=O)NCc3ccc(C)cc3)c3ccccc3n2)cc1,0.51036257,396.5,-7.579,ok
