idx,prot_rmsd_mean,prot_rmsd_max,prot_rmsd_last10ns_mean,lig_rmsd_mean,lig_rmsd_max,lig_rmsd_last10ns_mean,prot_rmsf_mean,prot_rmsf_max,hbond_avg_total,top_hbonds
2732,1.6062395200000001,2.5541,1.6653964,3.7677263099999996,8.5854,3.7638602,0.9904633333333334,3.5093,11.9861,MOL_301@O1-ARG_231@NH1:0.53 | MOL_301@O1-ARG_231@NH1:0.52 | LEU_259@HB2-MOL_301@C20:0.52
6218,1.5143230499999998,2.2763,1.7585427,4.973642600000001,13.5077,9.349246299999999,0.9659849999999999,3.2773,16.8351,MOL_301@N6-ARG_19@NH1:0.23 | MOL_301@N6-ARG_19@NH1:0.23 | GLY_5@HA2-MOL_301@C22:0.18
6117,1.9671003500000002,3.1079,2.449607,20.164373910000002,31.0607,15.8992373,1.062783,3.9891,7.988099999999999,GLY_254@HA2-MOL_301@C18:0.22 | GLN_234@OE1-MOL_301@N5:0.20 | MOL_301@H17-ASN_255@ND2:0.16
2532,1.6744939899999998,3.0566,2.108357,12.26023057,23.4595,20.5185298,0.9893853333333333,4.4614,10.333400000000001,ARG_296@H-MOL_301@C14:0.27 | ARG_296@H-MOL_301@C15:0.26 | ARG_296@H-MOL_301@C13:0.21
5614,1.5581073100000002,2.1867,1.7194722,1.6185826099999998,8.9586,1.5154884,0.979493,3.9366,18.1976,ASN_253@HD22-MOL_301@C22:0.92 | ASN_253@HD22-MOL_301@C21:0.76 | MOL_301@O2-ARG_227@NH2:0.56
6046,1.67403354,2.5529,2.021722,4.55424123,17.836,13.930456099999999,1.0770173333333335,4.4317,10.7107,MOL_301@O2-ARG_227@NH1:0.47 | MOL_301@O2-ARG_227@NH1:0.47 | PHE_223@HD1-MOL_301@C22:0.27
543,1.4232746500000002,2.2914,1.4546799000000001,5.4896945,8.21,6.704609400000001,0.951826,3.5535,18.1971,ARG_227@O-MOL_301@N1:0.54 | MOL_301@H24-HIE_251@CE1:0.46 | MOL_301@O2-ARG_231@NH1:0.34
5743,1.56987332,2.4202,1.6352280999999997,10.951822089999999,15.5202,12.8861188,0.9686260000000001,5.4825,13.844999999999999,GLY_69@HA2-MOL_301@C3:0.31 | SER_226@O-MOL_301@N1:0.27 | MOL_301@O2-ARG_231@NE:0.25
6115,1.46923244,2.185,1.5348590999999998,3.01821714,10.1827,4.9176078,0.8868710000000001,3.6269,14.2043,PHE_222@HD2-MOL_301@C17:0.37 | MOL_301@O1-ARG_19@NH1:0.35 | PHE_222@HD2-MOL_301@C16:0.29
3188,1.52581847,2.233,1.6444277999999999,24.52426689,59.735,30.5264686,0.955215,3.9524,8.4494,MOL_301@O1-ARG_186@NH1:0.12 | MOL_301@O1-ARG_186@NH1:0.11 | MOL_301@H5-THR_207@OG1:0.09
6754,1.5273517087425927,2.5322,1.8052957757920391,5.536057902427145,13.8251,10.976378797725427,0.969027,3.8793,11.895689585193605,MOL_301@H20-ILE_256@N:0.44 | MOL_301@H18-HIE_251@CE1:0.16 | ASN_255@H-MOL_301@C4:0.14
5738,1.8829684999999998,2.5817,1.9656169,7.098334229999999,14.6254,10.0272135,0.9723689999999999,3.8571,10.1303,ARG_23@HA-MOL_301@C3:0.24 | ARG_23@HA-MOL_301@C4:0.17 | ARG_227@HB3-MOL_301@C17:0.13
