idx,name,smiles,score,mw,logp,hbd,hba,rotb,tpsa,lip_viol,veber,pains,druglike
2616,L6020,COc1cccc2oc3c(O)cccc3c(=O)c12,0.28671452,242.2,2.66,1.0,4.0,1.0,59.7,0.0,True,False,True
10641,L6020,COc1cc(C=O)cc(OC)c1OC,0.23342046,196.2,1.52,0.0,4.0,4.0,44.8,0.0,True,False,True
1354,L6020,C=CC(C)(O)C/C=C/C(C)(C)O,0.39071977,170.3,1.64,2.0,2.0,4.0,40.5,0.0,True,False,True
7340,D7800,Cc1ccc(-n2ncc3c(NC(C)c4ccccc4)ncnc32)cc1,0.6717986,329.4,4.3,1.0,5.0,4.0,55.6,0.0,True,False,True
1776,D7800,Cc1cccc(OCC(=O)NCc2cc(C)nc3ccccc23)c1,0.4156383,320.4,3.55,1.0,3.0,5.0,51.2,0.0,True,False,True
2134,D7800,Cc1cccc(C(=O)Oc2c(Sc3ccccc3)c(C)nn2C(C)(C)C)c1,0.42296562,380.5,5.63,0.0,5.0,4.0,44.1,1.0,True,False,True
7370,L6020,COC(=O)c1ccc(-c2ccc(C(=O)OC)cn2)nc1,0.37928593,272.3,1.72,0.0,6.0,3.0,78.4,0.0,True,False,True
4394,D7800,COc1ccc(C(CNC(=O)COc2ccc([N+](=O)[O-])cc2)N2CCCCC2)cc1,0.40557328,413.5,3.33,1.0,6.0,9.0,93.9,0.0,True,False,True
4368,L6020,c1ccc2c(c1)C[C@H]1NCCc3cc4c(c-2c31)OCO4,0.45496267,265.3,2.83,1.0,3.0,0.0,30.5,0.0,True,False,True
5628,L6020,C=C1C(=O)O[C@H]2[C@H]1CCC(C)=C1CC[C@@](C)(O)[C@@H]12,0.50396097,248.3,2.36,1.0,3.0,0.0,46.5,0.0,True,False,True
3981,L6020,COC(=O)c1c(O)c2ccccc2c2occc12,0.27344966,242.2,3.08,1.0,4.0,1.0,59.7,0.0,True,False,True
12087,L6020,CC1(C)CCC[C@@]2(C)[C@H]1[C@H](O)C=C(CO)[C@]2(O)CO,0.36793205,270.4,0.84,4.0,4.0,2.0,80.9,0.0,True,False,True
7534,D7800,CCCCNC(=O)c1ccc(N2CCOCC2)c(NS(=O)(=O)c2ccc(OC)cc2)c1,0.44744277,447.6,2.86,2.0,6.0,9.0,97.0,0.0,True,False,True
4236,L6020,CC1(C)O[C@H]2CC(=O)OC[C@]23[C@H]1CC(=O)[C@]1(C)[C@@H]3CC[C@@]2(C)[C@H](c3ccoc3)OC(=O)[C@H]3O[C@@]321,0.2731161,470.5,3.14,0.0,8.0,1.0,104.6,0.0,True,False,True
13876,L6020,C=C(Oc1cccc(C(=O)O)c1)C(=O)OC,0.27739784,222.2,1.45,1.0,4.0,4.0,72.8,0.0,True,False,True
1348,D7800,Cn1c(=O)c2c(nc(NCc3cccnc3)n2Cc2ccc(Cl)cc2)n(C)c1=O,0.62387806,410.9,2.14,1.0,8.0,5.0,86.7,0.0,True,False,True
13630,L6020,CC1=C(CO)C(=O)OC([C@@H](C)C2CC[C@H]3C4C[C@H]5O[C@]56[C@@H](O)C=CC(=O)[C@]6(C)C4CC[C@]23C)C1,0.5261755,470.6,3.35,2.0,6.0,3.0,96.4,0.0,True,False,True
18496,L6020,COc1cc(-c2oc3c(OC)c(OC)cc(OC)c3c(=O)c2OC)cc(OC)c1OC,0.2465003,432.4,3.52,0.0,9.0,8.0,94.8,0.0,True,False,True
15969,L6020,CC(CCOC(=O)CCC(=O)O)CCC1(C)C(C)CCC2(C)C1CC(O)C(O)C2(C)O,0.41496125,442.6,3.14,4.0,6.0,9.0,124.3,0.0,True,False,True
5516,D7800,COc1ccc(Br)cc1CNC(=O)CN1C(=O)c2cccnc2Oc2ccc(C)cc21,0.44127828,482.3,4.23,1.0,5.0,5.0,80.8,0.0,True,False,True
6488,L6020,CC(=O)Oc1ccc(-c2coc3cc(OC(C)=O)ccc3c2=O)cc1,0.2995938,338.3,3.31,0.0,6.0,3.0,82.8,0.0,True,False,True
16350,L6020,C=CC(C)(C)c1[nH]c2ccccc2c1C[C@@H]1NC(=O)[C@H](C)NC1=O,0.48059782,325.4,2.18,3.0,2.0,4.0,74.0,0.0,True,False,True
7151,L6020,CC(C)(C)OC(=O)N[C@@H](Cc1c[nH]c2ncccc12)C(=O)O,0.38667226,305.3,2.08,3.0,4.0,4.0,104.3,0.0,True,False,True
3393,L6020,COc1cc([C@H]2Oc3ccc4ccc(=O)oc4c3O[C@@H]2CO)ccc1O,0.2234594,356.3,2.38,2.0,7.0,3.0,98.4,0.0,True,False,True
11500,L6020,CCC(/C=C/C(C)C1CC[C@H]2C3=CC[C@H]4CC(O)CC[C@]4(C)C3CC[C@]12C)C(C)C,0.49020034,412.7,7.8,1.0,1.0,5.0,20.2,1.0,True,False,True
3543,L6020,C=C1CCC[C@]2(C)C[C@]3(OC)OC(=O)C(C)=C3C[C@@H]12,0.50014275,262.3,3.36,0.0,3.0,1.0,35.5,0.0,True,False,True
4336,D7800,COc1ccc(CCNC(=O)CCc2c(C)c3cc4c(C)coc4cc3oc2=O)cc1,0.3674391,419.5,4.46,1.0,5.0,7.0,81.7,0.0,True,False,True
3161,L6020,C=C1COC(=O)[C@]12C[C@]1(C)[C@@H](C)CC[C@H](OC(=O)/C(C)=C\C)[C@@H]1[C@H]2OC(C)=O,0.33346283,390.5,3.35,0.0,6.0,3.0,78.9,0.0,True,False,True
5197,D7800,O=C(C(=O)N1CCc2ccccc2C1)c1cn(CC(=O)N2CCCC2)c2ccccc12,0.42387176,415.5,3.03,0.0,4.0,4.0,62.6,0.0,True,False,True
10681,L6020,COc1ccccc1NC(=O)CC(C)=O,0.33868462,207.2,1.61,1.0,3.0,4.0,55.4,0.0,True,False,True
14128,L6020,COC(=O)CCC(=O)OC[C@]1(C)CCC[C@@]2(C)C3CC[C@]4(C)C=CC3(CCC21)C4,0.39707184,402.6,5.45,0.0,4.0,5.0,52.6,1.0,True,False,True
13725,L6020,Cc1cc(C(O)C(O)CO)c(Cc2ccc(NC3CC(=O)OC3/C=C/C(C)O)cc2)o1,0.5004337,431.5,1.6,5.0,8.0,9.0,132.4,0.0,True,False,True
2106,D7800,CSc1cccc(NC(=S)N(Cc2ccccc2)Cc2ccccn2)c1,0.45676136,379.6,5.2,1.0,3.0,6.0,28.2,1.0,True,False,True
3825,D7800,Cc1cc(C)c(NC(=O)CSc2nc3ccncc3[nH]2)c(C)c1,0.5644569,326.4,3.61,2.0,4.0,4.0,70.7,0.0,True,False,True
2066,L6020,COc1cc(O)c2c(=O)cc(-c3ccccc3O)oc2c1OC,0.2843596,314.3,2.89,2.0,6.0,3.0,89.1,0.0,True,False,True
1621,D7800,O=C(CSc1nnc[nH]1)NCCOc1ccccc1,0.40774894,278.3,1.09,2.0,5.0,7.0,79.9,0.0,True,False,True
8102,L6020,CCc1ccc(C[C@H](N)C(=O)O)cc1,0.27062744,193.2,1.2,2.0,2.0,4.0,63.3,0.0,True,False,True
5061,D7800,Cc1cccn2c(=O)c3cc(C(=O)NCCC4=CCCCC4)n(C)c3nc12,0.5537333,364.4,3.11,1.0,5.0,4.0,68.4,0.0,True,False,True
9484,L6020,C=C/C=C\CC1=C(C)[C@@H](OC(=O)[C@@H]2[C@@H](/C=C(\C)C(=O)OC)C2(C)C)CC1=O,0.3624031,372.5,3.71,0.0,5.0,7.0,69.7,0.0,True,False,True
574,D7800,CCOc1ccc(-n2nc3ccc(NC(=O)COc4ccc(OC)cc4)cc3n2)cc1,0.43596125,418.5,3.85,1.0,7.0,8.0,87.5,0.0,True,False,True
8626,L6020,O=C[C@@H](O)C(O)(CO)CO,0.39853364,150.1,-2.74,4.0,5.0,4.0,98.0,0.0,True,False,True
14157,L6020,C=C1C(=O)O[C@@H]2/C=C(\CO)CC/C=C(/C=O)C[C@H](O)[C@@H]12,0.4372608,278.3,0.67,2.0,5.0,2.0,83.8,0.0,True,False,True
7927,L6020,CCOC(=O)CC(=O)OC(C)(C)C,0.4690691,188.2,1.28,0.0,4.0,3.0,52.6,0.0,True,False,True
11434,L6020,CC1=CC[C@@H]2C(C)(C)C(=O)C[C@@]2(C)[C@H]1COc1ccc2ccc(=O)oc2c1,0.28759763,366.5,4.76,0.0,4.0,3.0,56.5,0.0,True,False,True
4123,D7800,Cc1ccc(-c2noc(CSc3nnc(-c4ccc(Cl)cc4)n3C)n2)cc1,0.5159843,397.9,4.79,0.0,7.0,5.0,69.6,0.0,True,False,True
3728,D7800,Cc1sc(-n2cccc2)c(C(C)NC(=O)Nc2ccccc2Cl)c1C,0.62929404,373.9,5.69,2.0,3.0,4.0,46.1,1.0,True,False,True
6390,D7800,CCOc1ccc(OCC)c(NS(=O)(=O)c2c(C(=O)N3CCC(C)CC3)c(C)n(C)c2C)c1,0.50877506,477.6,4.11,1.0,6.0,8.0,89.9,0.0,True,False,True
569,D7800,CCCCCCC(O)(CCN1CCCCC1)c1ccccc1,0.39126563,303.5,4.72,1.0,2.0,9.0,23.5,0.0,True,False,True
10529,L6020,Nc1cc2c(cn1)[nH]c1ccccc12,0.47218513,183.2,2.3,2.0,2.0,0.0,54.7,0.0,True,False,True
8533,L6020,CC1COC(c2ccc3c(c2)OCO3)O1,0.47642222,208.2,1.85,0.0,4.0,1.0,36.9,0.0,True,False,True
4490,D7800,COc1ccc(-c2noc(CN(C)S(=O)(=O)c3ccccc3)n2)cc1OC,0.29320875,389.4,2.57,0.0,7.0,7.0,94.8,0.0,True,False,True
8725,L6020,CC(C)(O)CC[C@@H](O)[C@](C)(O)[C@H]1CC[C@]2(O)C3=CC(=O)[C@H]4C[C@H](O)[C@H](O)C[C@]4(C)[C@H]3CC[C@]12C,0.3438307,480.6,1.85,6.0,7.0,5.0,138.5,1.0,True,False,True
955,D7800,Nc1nnc(SCc2ccccc2Cl)s1,0.48843604,257.8,3.07,1.0,5.0,3.0,51.8,0.0,True,False,True
3540,D7800,Cc1cc(C)c(NC(=O)C2CCCN(S(=O)(=O)c3c(C)noc3/C=C/N(C)C)C2)c(C)c1,0.49469844,460.6,3.48,1.0,6.0,6.0,95.8,0.0,True,False,True
4286,D7800,O=C(c1cccs1)n1nc(-c2cccnc2)nc1NCc1ccco1,0.5787853,351.4,3.3,1.0,8.0,5.0,85.8,0.0,True,False,True
6538,D7800,CC1CCCN(S(=O)(=O)c2cc(C(=O)NCCc3ccccc3)n(C)c2)C1,0.411999,389.5,2.42,1.0,4.0,6.0,71.4,0.0,True,False,True
2125,L6020,CC(C)=CCc1cc(-c2oc3cc(O)cc(O)c3c(=O)c2O)ccc1O,0.42434797,354.4,3.79,4.0,6.0,3.0,111.1,0.0,True,False,True
1716,D7800,CCOC(=O)CC(NS(=O)(=O)Cc1ccccc1)c1ccc(C)cc1,0.36951277,361.5,3.11,1.0,4.0,8.0,72.5,0.0,True,False,True
9125,L6020,C=C(C)/C=C/C/C(C)=C/COc1c2ccoc2cc2oc(=O)ccc12,0.33420438,336.4,5.39,0.0,4.0,6.0,52.6,1.0,True,False,True
14178,L6020,COc1cc(CCc2ccc3c(c2)OCO3)oc(=O)c1,0.3340513,274.3,2.16,0.0,5.0,4.0,57.9,0.0,True,False,True
3348,D7800,Cc1ccc2oc(=O)c3cnn(CC(=O)N4CCCCCC4)c3c2c1,0.51134175,339.4,2.85,0.0,5.0,2.0,68.3,0.0,True,False,True
7746,D7800,O=C(CN1CCN(S(=O)(=O)c2ccc(Br)cc2)CC1)Nc1ccc(F)cc1F,0.4954576,474.3,2.67,1.0,4.0,5.0,69.7,0.0,True,False,True
6490,L6020,CC(=O)OCC(=O)[C@@]12OC(C)(C)O[C@H]1C[C@H]1[C@@H]3CCC4=CC(=O)C=C[C@]4(C)[C@@]3(F)[C@@H](O)C[C@@]12C,0.29973346,476.5,2.99,1.0,7.0,3.0,99.1,0.0,True,False,True
1674,D7800,CCOC(=O)C(Cc1ccccc1)NC(=O)Cn1nnc(-c2ccccc2)n1,0.38262227,379.4,1.63,1.0,7.0,8.0,99.0,0.0,True,False,True
4724,D7800,COc1ccc(OCC(=O)N2CCN(CCc3ccncc3)CC2)cc1,0.46561646,355.4,1.86,0.0,5.0,7.0,54.9,0.0,True,False,True
2546,L6020,COc1cc(O)c2c(=O)cc(Oc3ccc(O)cc3)oc2c1C[C@@H](O)C(C)(C)O,0.3164618,402.4,2.68,4.0,8.0,6.0,129.6,0.0,True,False,True
9405,L6020,CC(C)=CCC/C(C)=C/Cc1c(O)ccc2c(=O)c(-c3ccc(O)cc3)coc12,0.37663496,390.5,6.11,2.0,4.0,6.0,70.7,1.0,True,False,True
7433,D7800,CC1=CC(C)(C)NC(=S)N1c1ccccc1C,0.53163,246.4,3.37,1.0,1.0,1.0,15.3,0.0,True,False,True
5152,L6020,Cc1ccc([C@]2(C)CCCC2(C)C)cc1,0.32846135,202.3,4.46,0.0,0.0,1.0,0.0,0.0,True,False,True
11348,L6020,C/C=C1\CN2CC[C@]34c5ccccc5N[C@H]3[C@@H](CO)[C@H]1C[C@H]24,0.2805292,296.4,2.38,2.0,3.0,1.0,35.5,0.0,True,False,True
4524,L6020,COc1cc(O)cc2c1C(=O)C[C@@H](c1ccccc1)O2,0.25886196,270.3,3.11,1.0,4.0,2.0,55.8,0.0,True,False,True
5775,D7800,COc1ccc(N2C(=O)CSC23C(=O)N(CC(N)=O)c2ccccc23)cc1,0.37942478,383.4,1.46,1.0,5.0,4.0,92.9,0.0,True,False,True
10311,L6020,Nc1ncnc2c1ncn2[C@@H]1O[C@H](CO)[C@@H](O)[C@@H]1O,0.5181948,267.2,-1.98,4.0,9.0,2.0,139.5,0.0,True,False,True
1754,D7800,COc1ccc(NC(=O)CC2S/C(=N/c3ccccc3)NC2=O)c(OC)c1,0.304977,385.4,2.95,2.0,6.0,6.0,89.0,0.0,True,False,True
6572,D7800,Cc1ccc(CNC(=O)CN2C(=O)C3CCCCN3c3ccc(C(=O)N(C)C)cc32)cc1,0.54922974,434.5,2.72,1.0,4.0,5.0,73.0,0.0,True,False,True
13317,L6020,COc1cc(-c2ccc(O)cc2)c(OC)c(O)c1C1=CC(=O)OC1CC(=O)O,0.34527642,386.4,2.57,3.0,7.0,6.0,122.5,0.0,True,False,True
12902,L6020,CC(=O)c1c(O)cc(O)c(C(C)=O)c1O,0.30416363,210.2,1.21,3.0,5.0,2.0,94.8,0.0,True,False,True
3603,L6020,CCOC(=S)NCc1ccc(O[C@@H]2O[C@@H](C)[C@H](O)[C@@H](O)[C@H]2O)cc1,0.4421683,357.4,0.3,4.0,7.0,5.0,100.4,0.0,True,False,True
11351,L6020,C=C(C)[C@@H]1CC[C@]2(CO)CC[C@]3(C)[C@H](CCC4[C@@]5(C)CC[C@@H](O)C(C)(C)C5CC[C@]43C)C12,0.40316445,442.7,7.0,2.0,2.0,2.0,40.5,1.0,True,False,True
2059,D7800,CCc1ccccc1NC(=O)c1cn(C)c(=O)c2ccccc12,0.54609466,306.4,3.35,1.0,3.0,3.0,51.1,0.0,True,False,True
2621,D7800,CSc1ccc(-c2nc3cc(C)ccn3c2Nc2ccc(C)cc2)cc1,0.532305,359.5,6.08,1.0,4.0,4.0,29.3,1.0,True,False,True
3882,L6020,COc1cc(O)c2c(c1)CCc1cc(Oc3c(OC)cc(O)c4c3CCc3cc(O)ccc3-4)ccc1-2,0.4801937,482.5,6.14,3.0,6.0,4.0,88.4,1.0,True,False,True
18343,L6020,CC(C)(O)[C@@H]1CC[C@](C)([C@H]2[C@@H](O)C[C@@]3(C)C4C[C@H](O)C5C(C)(C)[C@@H](O)CC[C@]5(C)C4=CC[C@]23C)O1,0.35987797,490.7,4.6,4.0,5.0,2.0,90.2,0.0,True,False,True
6518,L6020,CC(C)c1ccc(C(C)C)cc1,0.40150657,162.3,3.93,0.0,0.0,2.0,0.0,0.0,True,False,True
5786,D7800,COc1cccc(NC(=O)Nc2ccc3nc(N4CCN(C)CC4)cc(C)c3c2)c1,0.65256536,405.5,3.95,2.0,5.0,4.0,69.7,0.0,True,False,True
468,D7800,Cn1c(=O)c2c(ncn2Cc2cccc(Cl)c2)n(C)c1=O,0.41664833,304.7,1.14,0.0,6.0,2.0,61.8,0.0,True,False,True
10895,L6020,COC1=CC=C2C3Cc4ccc(OC)c5c4C2(CCN3C)C1(CO)O5,0.5964776,341.4,1.79,1.0,5.0,3.0,51.2,0.0,True,False,True
5195,L6020,CC(C)[C@@H](C)/C=C/[C@@H](C)[C@H]1CCC2=C3C=CC4=CC(=O)CC[C@]4(C)[C@H]3CC[C@@]21C,0.45169243,392.6,7.46,0.0,1.0,4.0,17.1,1.0,True,False,True
12505,L6020,COc1cc(O)c2c(O)c3c(cc2c1O)C[C@@H](C)OC3=O,0.29971582,290.3,2.07,3.0,6.0,1.0,96.2,0.0,True,False,True
1803,L6020,CSCO[C@H]1C[C@@H](CC=C(C)C)C(=O)c2ccccc21,0.3613769,290.4,4.62,0.0,3.0,5.0,26.3,0.0,True,False,True
6474,L6020,O=S(=O)(c1ccc(O)cc1)c1ccc(O)cc1,0.3329813,250.3,1.93,2.0,4.0,2.0,74.6,0.0,True,False,True
8797,L6020,O=c1cccc2n1C[C@H]1C[C@@H]2CN2CC[C@@H](O)C[C@H]12,0.30666584,260.3,0.79,1.0,4.0,0.0,45.5,0.0,True,False,True
18408,L6020,CC(=O)O[C@H]1CCC2[C@@](O)(CC[C@H]3[C@]4(C)CC[C@H]([C@H](C)CCC=C(C)C)[C@@]4(C)CC[C@@]23C)C1(C)C,0.35081953,486.8,8.1,1.0,3.0,5.0,46.5,1.0,True,False,True
6228,D7800,COc1ccc(CNC(=O)CCc2c(C)nn(-c3ccc(N4CCOCC4)nn3)c2C)c(OC)c1,0.6769041,480.6,2.38,1.0,9.0,9.0,103.6,0.0,True,False,True
480,D7800,Cc1ccc2c(c1C)OC(=O)CC2c1ccccc1,0.3619669,252.3,3.74,0.0,2.0,1.0,26.3,0.0,True,False,True
915,D7800,CC(C)Cc1nnc(NC(=O)CSc2nc(=O)cc(N)n2-c2ccccc2)s1,0.47392088,416.5,2.6,2.0,9.0,7.0,115.8,0.0,True,False,True
4899,L6020,CC(C)=CCCC(C)(O)C1CCC2(C)C1C(O)CC1C3(C)CCC(O)C(C)(C)C3CCC12C,0.49823937,460.7,6.5,3.0,3.0,4.0,60.7,1.0,True,False,True
3708,L6020,O=C1/C=C/CCc2ccc(O)c(c2)-c2cc(ccc2O)CC1,0.43520084,294.4,3.77,2.0,3.0,0.0,57.5,0.0,True,False,True
11832,L6020,COc1cc2c(cc1OC)-c1c3c(c(OC)c4c1C(C2)N(C)CC4)OCO3.Cl,0.4919753,405.9,3.62,0.0,6.0,3.0,49.4,0.0,True,False,True
7499,D7800,CCOc1ccc(-c2cc(C(=O)NCc3ccc(C)cc3)c3ccccc3n2)cc1,0.51036257,396.5,5.54,1.0,3.0,6.0,51.2,1.0,True,False,True
